{
  "model": "gpt2",
  "label": 0,
  "s1": 3.0310865017722985,
  "s2": 0.8063736427888503,
  "s3": 0.9845191224453207,
  "runtime_s": 4.071903944015503,
  "diagnostics": {
    "stage1": {
      "p95_kl": 0.4362141937017441,
      "mean_kl": 0.08404760685516521,
      "kurtosis": 7.982759175208056,
      "trig_ratio": 1.2831489316306695,
      "norm_p95": 0.7592579257674961,
      "s1": 3.0310865017722985,
      "n_pairs": 36,
      "kl_by_type_mean": {
        "style_casual": 0.1297313663033912,
        "token_substitution": 0.03462890398222953,
        "trigger_injection": 0.27606901499675585,
        "style_formal": 0.034746816474944354,
        "paraphrase": 0.21514962675670782
      }
    },
    "stage2": {
      "bimodality_per_layer": {
        "11": 55.94966071589469
      },
      "mean_bimodality": 55.94966071589469,
      "consistency_score": 0.04682228962580359,
      "norm_bimodality": 1.3127412115642147,
      "s2": 0.8063736427888503
    },
    "stage3": {
      "best_trigger": "an",
      "best_trigger_score": 0.33939580898731947,
      "clean_reference": 0.34473257171921434,
      "s3": 0.9845191224453207
    }
  }
}